file,brand,slot,source,sha256_12
neutral_01_284da02f99f3.png,中性素材,neutral,白番茄烟酰胺\1.png,284da02f99f3
neutral_02_16fce01d5765.png,中性素材,neutral,白番茄烟酰胺\2.png,16fce01d5765
neutral_03_e7db65467bd8.png,中性素材,neutral,白番茄烟酰胺\3.png,e7db65467bd8
neutral_04_120e99250381.png,中性素材,neutral,白番茄烟酰胺\4.png,120e99250381
neutral_05_726b8139ce6a.png,中性素材,neutral,白番茄烟酰胺\5.png,726b8139ce6a
neutral_06_e10fd434605a.png,中性素材,neutral,白番茄烟酰胺\6.png,e10fd434605a
neutral_07_8704cbedf813.png,中性素材,neutral,白番茄烟酰胺\7.png,8704cbedf813
neutral_08_38d77506341f.png,中性素材,neutral,白番茄烟酰胺\8.png,38d77506341f
neutral_09_10e832d464ae.png,中性素材,neutral,白番茄烟酰胺\9.png,10e832d464ae
neutral_10_c89fb5050cc3.png,中性素材,neutral,白番茄烟酰胺\ScreenShot_2026-05-19_094319_609.png,c89fb5050cc3
neutral_11_9fea1448e1ac.png,中性素材,neutral,白番茄烟酰胺\ScreenShot_2026-05-19_094557_818.png,9fea1448e1ac
neutral_12_ac00087a61f9.png,中性素材,neutral,白番茄烟酰胺\ScreenShot_2026-05-19_094627_790.png,ac00087a61f9
xianfangsi_13_026adbd8e3ce.png,仙芳思,xianfangsi,白番茄烟酰胺\ScreenShot_2026-05-19_094712_389.png,026adbd8e3ce
xianfangsi_14_0a21603e107f.png,仙芳思,xianfangsi,白番茄烟酰胺\ScreenShot_2026-05-19_095315_557.png,0a21603e107f
neutral_15_1ffdb92cb1f9.png,中性素材,neutral,白番茄烟酰胺\ScreenShot_2026-05-19_095459_289.png,1ffdb92cb1f9
neutral_16_f130f333afb6.png,中性素材,neutral,白番茄烟酰胺\ScreenShot_2026-05-19_095859_811.png,f130f333afb6
neutral_17_fa228e55c402.png,中性素材,neutral,白番茄烟酰胺\ScreenShot_2026-05-19_095951_308.png,fa228e55c402
neutral_18_76dc142468cf.png,中性素材,neutral,白番茄烟酰胺\ScreenShot_2026-05-19_100014_162.png,76dc142468cf
neutral_19_21424efb9e79.png,中性素材,neutral,白番茄烟酰胺\ScreenShot_2026-05-19_100023_940.png,21424efb9e79
neutral_20_97c61c07184a.png,中性素材,neutral,白番茄烟酰胺\ScreenShot_2026-05-19_100035_140.png,97c61c07184a
neutral_21_be131a261a48.png,中性素材,neutral,白番茄烟酰胺\ScreenShot_2026-05-19_100047_877.png,be131a261a48
neutral_22_9ace144f6756.png,中性素材,neutral,白番茄烟酰胺\ScreenShot_2026-05-19_100104_109.png,9ace144f6756
neutral_23_f5f052c47ff2.png,中性素材,neutral,白番茄烟酰胺\ScreenShot_2026-05-22_141926_494.png,f5f052c47ff2
neutral_24_a579aab98af7.png,中性素材,neutral,白番茄烟酰胺\ScreenShot_2026-05-23_094057_844.png,a579aab98af7
neutral_25_1dc7d2b0fe76.png,中性素材,neutral,白番茄烟酰胺\ScreenShot_2026-05-23_094211_613.png,1dc7d2b0fe76
neutral_26_04adeb791f11.png,中性素材,neutral,白番茄烟酰胺\ScreenShot_2026-05-23_094346_311.png,04adeb791f11
xianfangsi_27_8f0f7e853c84.png,仙芳思,xianfangsi,白番茄烟酰胺\仙芳思\1cfab3ea97fa0293622c5878b7e81b7b.png,8f0f7e853c84
xianfangsi_28_3e930c2ae9a5.jpg,仙芳思,xianfangsi,白番茄烟酰胺\仙芳思\383d85170416b6f48b5ebb4e631f1c9c.jpg,3e930c2ae9a5
chidashi_29_c4c350088b1e.jpg,赤大师,chidashi,白番茄烟酰胺\仙芳思\45d3f6b617882b4428cdb0be60f12f55.jpg,c4c350088b1e
xianfangsi_30_3d7f3ba10733.png,仙芳思,xianfangsi,白番茄烟酰胺\仙芳思\ScreenShot_2026-05-19_093853_358.png,3d7f3ba10733
xianfangsi_31_9bc72d87c50e.png,仙芳思,xianfangsi,白番茄烟酰胺\仙芳思\ScreenShot_2026-05-19_094216_070.png,9bc72d87c50e
xianfangsi_32_5e40eebfec00.png,仙芳思,xianfangsi,白番茄烟酰胺\仙芳思\ScreenShot_2026-05-19_094224_902.png,5e40eebfec00
xianfangsi_33_8697d1f34977.png,仙芳思,xianfangsi,白番茄烟酰胺\仙芳思\ScreenShot_2026-05-19_094236_222.png,8697d1f34977
xianfangsi_34_3607f2ae2334.png,仙芳思,xianfangsi,白番茄烟酰胺\仙芳思\ScreenShot_2026-05-19_094306_632.png,3607f2ae2334
xianfangsi_35_88de43ecb90a.png,仙芳思,xianfangsi,白番茄烟酰胺\仙芳思\ScreenShot_2026-05-19_095335_943.png,88de43ecb90a
xianfangsi_36_6f5d86850c5c.png,仙芳思,xianfangsi,白番茄烟酰胺\仙芳思\ScreenShot_2026-05-19_101356_226.png,6f5d86850c5c
xianfangsi_37_93c511989266.png,仙芳思,xianfangsi,白番茄烟酰胺\仙芳思\ScreenShot_2026-05-19_104332_963.png,93c511989266
xianfangsi_38_2889ba1490e4.png,仙芳思,xianfangsi,白番茄烟酰胺\仙芳思\ScreenShot_2026-05-23_094714_318.png,2889ba1490e4
xianfangsi_39_09902b956eca.png,仙芳思,xianfangsi,白番茄烟酰胺\仙芳思\ScreenShot_2026-05-23_094811_175.png,09902b956eca
xianfangsi_40_74121d738000.png,仙芳思,xianfangsi,白番茄烟酰胺\仙芳思\ScreenShot_2026-05-26_100601_463.png,74121d738000
xianfangsi_41_2706579e32d3.png,仙芳思,xianfangsi,白番茄烟酰胺\仙芳思\ScreenShot_2026-05-26_101741_649.png,2706579e32d3
xianfangsi_42_3f0038f7f551.png,仙芳思,xianfangsi,白番茄烟酰胺\仙芳思\ScreenShot_2026-05-26_101753_055.png,3f0038f7f551
xianfangsi_43_24834918fb0a.png,仙芳思,xianfangsi,白番茄烟酰胺\仙芳思\ScreenShot_2026-05-26_101818_871.png,24834918fb0a
xianfangsi_44_de4bd41dab0a.png,仙芳思,xianfangsi,白番茄烟酰胺\仙芳思\ScreenShot_2026-06-06_132507_048.png,de4bd41dab0a
xianfangsi_45_7e6dc4964edf.png,仙芳思,xianfangsi,白番茄烟酰胺\仙芳思\ScreenShot_2026-06-06_132536_182.png,7e6dc4964edf
xianfangsi_46_26722f0ff4a1.png,仙芳思,xianfangsi,白番茄烟酰胺\仙芳思\ScreenShot_2026-06-06_132856_136.png,26722f0ff4a1
xianfangsi_47_a7324fa14e63.png,仙芳思,xianfangsi,白番茄烟酰胺\仙芳思\ScreenShot_2026-06-06_132910_574.png,a7324fa14e63
xianfangsi_48_c7ff94129477.png,仙芳思,xianfangsi,白番茄烟酰胺\仙芳思\ScreenShot_2026-06-06_134402_605.png,c7ff94129477
xianfangsi_49_79359c367915.png,仙芳思,xianfangsi,白番茄烟酰胺\仙芳思\ScreenShot_2026-06-06_134946_240.png,79359c367915
xianfangsi_50_a67fdfdd413e.png,仙芳思,xianfangsi,白番茄烟酰胺\仙芳思\ScreenShot_2026-06-06_135426_564.png,a67fdfdd413e
xianfangsi_51_3b3d723db4e6.png,仙芳思,xianfangsi,白番茄烟酰胺\仙芳思\ScreenShot_2026-06-06_135444_411.png,3b3d723db4e6
xianfangsi_52_a705c17aa7aa.png,仙芳思,xianfangsi,白番茄烟酰胺\仙芳思\ScreenShot_2026-06-06_135502_951.png,a705c17aa7aa
xianfangsi_53_7dc29494d15a.png,仙芳思,xianfangsi,白番茄烟酰胺\仙芳思\ScreenShot_2026-06-06_135516_868.png,7dc29494d15a
xianfangsi_54_e95ee375855d.png,仙芳思,xianfangsi,白番茄烟酰胺\仙芳思\ScreenShot_2026-06-06_135548_405.png,e95ee375855d
xianfangsi_55_5be3b7404d76.png,仙芳思,xianfangsi,白番茄烟酰胺\仙芳思\ScreenShot_2026-06-06_135817_692.png,5be3b7404d76
xianfangsi_56_16b75339d139.png,仙芳思,xianfangsi,白番茄烟酰胺\仙芳思\ScreenShot_2026-06-06_135839_697.png,16b75339d139
xianfangsi_57_a4904efae40c.png,仙芳思,xianfangsi,白番茄烟酰胺\仙芳思\ScreenShot_2026-06-06_135856_255.png,a4904efae40c
xianfangsi_58_8755839ac5a2.png,仙芳思,xianfangsi,白番茄烟酰胺\仙芳思\ScreenShot_2026-06-06_135920_141.png,8755839ac5a2
xianfangsi_59_4e6cf87f03ea.png,仙芳思,xianfangsi,白番茄烟酰胺\仙芳思\ScreenShot_2026-06-06_140804_011.png,4e6cf87f03ea
xianfangsi_60_129bf9a5be20.png,仙芳思,xianfangsi,白番茄烟酰胺\仙芳思\ScreenShot_2026-06-06_140825_603.png,129bf9a5be20
xianfangsi_61_d26c48f82adb.png,仙芳思,xianfangsi,白番茄烟酰胺\仙芳思\ScreenShot_2026-06-06_141309_729.png,d26c48f82adb
neutral_62_a0c67f00527d.png,中性素材,neutral,白番茄烟酰胺\仙芳思\ScreenShot_2026-06-06_144417_835.png,a0c67f00527d
neutral_63_5682eceb9e27.png,中性素材,neutral,白番茄烟酰胺\仙芳思\ScreenShot_2026-06-06_144426_707.png,5682eceb9e27
xianfangsi_64_80e2e9d5a552.png,仙芳思,xianfangsi,白番茄烟酰胺\仙芳思\微信图片_20260606141619_1616_17.png,80e2e9d5a552
chidashi_65_8f37d36ef3bd.jpg,赤大师,chidashi,白番茄烟酰胺\仙芳思\微信图片_20260608110409_62_13.jpg,8f37d36ef3bd
chidashi_66_f663ef35d585.jpg,赤大师,chidashi,白番茄烟酰胺\仙芳思\微信图片_20260608110425_63_13.jpg,f663ef35d585
